time,true_angle,gyro_meas,accel_meas,filtered_angle
0.0,0.01,0.9931982998549987,-0.11272273472092431,0.009891111716404211
0.01,0.02,0.8083661462697155,-0.00814468726873778,0.017957372095248503
0.02,0.03,0.9771434506664849,0.08368089894829528,0.027784697100207503
0.03,0.04,0.954841852301338,-0.16376454306298943,0.037065387658601574
0.04,0.05,0.9882953769781491,-0.05277776366909932,0.04678233474460205
0.05,0.060000000000000005,0.9444677780940166,-0.044930606764397966,0.056024957266639544
0.06,0.07,1.005664012133272,-0.027434698307536434,0.0658636387516536
0.07,0.08,1.0958223134731346,0.11680609333500572,0.07692759011904997
0.08,0.09,1.1112344294384804,0.06503339126993493,0.08797073366784318
0.09,0.09999999999999999,0.8726392001569866,0.13090598107846077,0.09681014627704727
0.1,0.10999999999999999,0.9259335103335615,0.18543158283210082,0.1063587015792242
0.11,0.11999999999999998,0.9102298054648132,0.1415157147690303,0.11556471568570446
0.12,0.12999999999999998,1.1226891069106333,0.11523805864319897,0.12674207149010108
0.13,0.13999999999999999,0.9771533618884302,0.06779682655816845,0.13619519582609624
0.14,0.15,1.004278813269312,0.04101239187121972,0.145715222282871
0.15,0.16,0.981292279593402,0.10199797706140976,0.1552433814015721
0.16,0.17,0.7567201650789972,0.2516787644173866,0.16330762527604087
0.17,0.18000000000000002,0.9765543756856113,0.13243028245468808,0.17283061215784293
0.18,0.19000000000000003,0.9917572335767341,0.27623219446304104,0.18333261204361892
0.19,0.20000000000000004,1.0475896731926302,0.28854509365657205,0.1944330749316549
0.2,0.21000000000000005,1.0274991461267267,0.2912502166625061,0.20530835152834354
0.21,0.22000000000000006,0.9773644054380395,0.2966491717446083,0.21567594828676628
0.22,0.23000000000000007,1.0599287854973285,0.5066308583101337,0.2284005463480804
0.23,0.24000000000000007,0.9490042349114693,0.3967773686367302,0.23915507475199752
0.24,0.25000000000000006,0.9215370166496152,0.17828683741509252,0.24781151687055492
0.25,0.26000000000000006,1.0824443282428442,0.18094498179376833,0.25798783511249307
0.26,0.2700000000000001,1.0493575897820793,0.09848339639991482,0.2669900645348848
0.27,0.2800000000000001,1.0305701453785094,0.18169494111136741,0.27642632558259783
0.28,0.2900000000000001,1.1626352032732736,0.19176425461894064,0.28714316224021513
0.29,0.3000000000000001,1.1125006213927353,0.40495874885868144,0.2993118253638242
0.3,0.3100000000000001,1.1300262862534525,0.35131334660046865,0.3110267465251709
0.31,0.3200000000000001,0.9750711817170089,0.25989961754282387,0.3201485449357106
0.32,0.3300000000000001,1.1385961664299598,0.33284157238300305,0.33155095676922125
0.33,0.34000000000000014,1.0527832793834602,0.14111892856276603,0.339863472790483
0.34,0.35000000000000014,0.9147041301849266,0.4829358036029834,0.3505221863485297
0.35000000000000003,0.36000000000000015,1.0050324414374985,0.18731152810158924,0.3585534018666382
0.36,0.37000000000000016,0.942970369423706,0.46250723818184225,0.3691030437830636
0.37,0.38000000000000017,1.0262393256633588,0.3459671551103627,0.37895139407531037
0.38,0.3900000000000002,0.9133671890381881,0.48220392394560974,0.38926056238496176
0.39,0.4000000000000002,0.9448008729062805,0.29376025439073333,0.39735830998795146
0.4,0.4100000000000002,0.8386399495906104,0.45010283238504234,0.40632070465300235
0.41000000000000003,0.4200000000000002,0.9419187393568065,0.3867658453481786,0.41534552526981317
0.42,0.4300000000000002,1.0653966112055235,0.4242632941036083,0.4259689536413771
0.43,0.4400000000000002,1.039557178351396,0.4427396303846756,0.43644723188021384
0.44,0.45000000000000023,0.9106796177228529,0.4891975318983627,0.44617312817050264
0.45,0.46000000000000024,0.9922768395351501,0.2990996151500846,0.4537983478108647
0.46,0.47000000000000025,0.9655201175033752,0.5011031660300032,0.46399854467126106
0.47000000000000003,0.48000000000000026,0.9904719646429677,0.3761861083369437,0.47240661032067965
0.48,0.49000000000000027,1.1036806565188384,0.6372685012458373,0.48580086726718213
0.49,0.5000000000000002,1.0572157633182906,0.4953673860722789,0.4963500619886451
0.5,0.5100000000000002,1.0120186754303244,0.5333939407722708,0.5068943589249079
0.51,0.5200000000000002,1.0610624592960287,0.5002926681754578,0.5172200179044883
0.52,0.5300000000000002,1.3292938383999924,0.5006066530735754,0.5300112709946299
0.53,0.5400000000000003,0.9943745380525862,0.4348245542616363,0.5381758781458249
0.54,0.5500000000000003,1.1329071475306838,0.5699897742182862,0.5498341247002401
0.55,0.5600000000000003,1.0940292855708453,0.6875178845867931,0.562956049171949
0.56,0.5700000000000003,0.9832130828228259,0.6819296254964317,0.5747073608059636
0.5700000000000001,0.5800000000000003,0.9689180269749496,0.5746668175716146,0.5842316787729401
0.58,0.5900000000000003,1.2115793763211458,0.3659668405657157,0.5921781092375621
0.59,0.6000000000000003,1.1284985960521798,0.5932177781132759,0.6032536344043297
0.6,0.6100000000000003,0.8976316813799049,0.7217097671026657,0.6142472815319228
0.61,0.6200000000000003,0.8708223997177802,0.5627972046279867,0.6218119553588556
0.62,0.6300000000000003,1.05842639486274,0.760829075481033,0.634835615657396
0.63,0.6400000000000003,0.9030980530928465,0.6048628666837261,0.6431132318804332
0.64,0.6500000000000004,0.8579863200712371,0.7258085285119724,0.6531414684897245
0.65,0.6600000000000004,0.9381676397449873,0.6107439601412739,0.661503381085483
0.66,0.6700000000000004,0.8686807396915377,0.7213347640179979,0.6712151966043617
0.67,0.6800000000000004,0.9295945033476588,0.6254197262518095,0.6794006289883969
0.68,0.6900000000000004,0.975750705529674,0.7855955190858128,0.6911341844896756
0.6900000000000001,0.7000000000000004,1.073415950614052,0.6377776083086287,0.7005534968887108
0.7000000000000001,0.7100000000000004,0.8010770004243094,0.5963538490797263,0.7062175343645164
0.71,0.7200000000000004,0.9010798934748832,0.596833755829267,0.712708620017595
0.72,0.7300000000000004,0.9998321524472484,0.8161226551578644,0.7246686173467218
0.73,0.7400000000000004,0.8059038122340157,0.8005713346402902,0.7341726482118067
0.74,0.7500000000000004,1.0325598675828995,0.7356044175471789,0.7442974424012379
0.75,0.7600000000000005,1.0525738463630687,0.7650767636122792,0.7550398869780747
0.76,0.7700000000000005,0.965350037859935,0.7602188554708588,0.7645873166075219
0.77,0.7800000000000005,0.9875580133958974,0.6072507123774895,0.7707147916203897
0.78,0.7900000000000005,0.904533577539923,0.6758059917526337,0.7773769540170022
0.79,0.8000000000000005,1.090725936113964,0.6880153938043948,0.7859462952005177
0.8,0.8100000000000005,0.9563716168398142,1.0190700355205515,0.800560861311381
0.81,0.8200000000000005,0.9317615396076998,0.7515489265993878,0.80849690387092
0.8200000000000001,0.8300000000000005,0.967328766553116,0.8070849126621843,0.8178674160994577
0.8300000000000001,0.8400000000000005,1.0238356720678246,0.9928388630211687,0.8319243726210495
0.84,0.8500000000000005,1.0763514394927387,0.9510222477213659,0.8452340551317661
0.85,0.8600000000000005,0.9175273153951822,1.049646734429839,0.8590638094173042
0.86,0.8700000000000006,1.1151669403543623,0.9530464136847862,0.8722472585317999
0.87,0.8800000000000006,1.0068893520304198,0.9058511266424639,0.8829473786490677
0.88,0.8900000000000006,0.778034301263601,0.912280700585615,0.8913193599050708
0.89,0.9000000000000006,1.0552106021100085,0.7865772385151807,0.8991259271363847
0.9,0.9100000000000006,1.0799861847614485,0.7730030568014631,0.9066064582217584
0.91,0.9200000000000006,1.0059348105025752,0.9522187695280248,0.9175647743012323
0.92,0.9300000000000006,1.1067654521892383,1.0014988481530513,0.9304729762375309
0.93,0.9400000000000006,1.0604387451510042,0.9917846259726941,0.9423893969686256
0.9400000000000001,0.9500000000000006,1.0200916309644212,0.8498590461731961,0.950057869550232
0.9500000000000001,0.9600000000000006,0.9521955939855428,1.0298915447975125,0.9613905102163787
0.96,0.9700000000000006,0.9115205089610484,0.8166984229978229,0.9666386629855878
0.97,0.9800000000000006,1.130854411113077,0.9968091326949431,0.9784417117071026
0.98,0.9900000000000007,0.9469095815223062,1.0631635490745994,0.9898615741645105
0.99,1.0000000000000007,0.909753085805736,0.9546528289340618,0.9978481458710676
1.0,1.0100000000000007,1.0301601995166676,1.0586520204782255,1.0094838317921804
1.01,1.0200000000000007,0.9880773447542623,1.0059793090777303,1.019050621241753
1.02,1.0300000000000007,1.1754905181166464,1.0686474855527925,1.0318285989940132
1.03,1.0400000000000007,1.039581451470474,1.1005763949053222,1.043800317522591
1.04,1.0500000000000007,1.0742352299111593,0.9382002738682774,1.0515235322614378
1.05,1.0600000000000007,0.8693810181455762,1.0600552372835077,1.0602398490076717
1.06,1.0700000000000007,0.9273417756830225,1.2029489959217243,1.073094390371266
1.07,1.0800000000000007,0.8532516857220785,0.9568695191384454,1.0783497020159254
1.08,1.0900000000000007,1.001631873591674,1.10852549401059,1.0889358296656193
1.09,1.1000000000000008,0.9990509344280971,1.105745487916505,1.0991436501959988
1.1,1.1100000000000008,0.9883075261670713,1.131342659432398,1.1096654407439357
1.11,1.1200000000000008,0.9210599026418742,1.0887316777533038,1.1180987670518165
1.12,1.1300000000000008,0.8885714617596985,1.1915396917358245,1.128775587489685
1.1300000000000001,1.1400000000000008,0.9229615076741071,1.0684749938576756,1.1361549663431139
1.1400000000000001,1.1500000000000008,1.1545408326183835,1.3206752500623815,1.1524734730358668
1.1500000000000001,1.1600000000000008,1.1150327263626187,1.2097926977892541,1.164969015387073
1.16,1.1700000000000008,0.8563192408644622,1.1583911481599718,1.1732020871290183
1.17,1.1800000000000008,0.9334340803092844,1.2050794995720095,1.1832436089396674
1.18,1.1900000000000008,0.9642007040340157,1.1427797423756305,1.1915848617577935
1.19,1.2000000000000008,1.1836790135200372,1.1309244274602601,1.2014810231337614
1.2,1.2100000000000009,1.0405940762354697,1.1940288922619877,1.211446250043405
1.21,1.2200000000000009,0.9533382919278178,1.3595414500314402,1.2249083106007634
1.22,1.2300000000000009,1.0892825994550785,1.182348191381823,1.2343911774025385
1.23,1.2400000000000009,1.120825962235182,1.098996501149824,1.2415526619374597
1.24,1.2500000000000009,0.8312128910062937,1.251946729949374,1.2499597065390389
1.25,1.260000000000001,0.8736969081638453,1.1062641501622772,1.2544270471126286
1.26,1.270000000000001,1.178726674483904,1.3033879383466234,1.2672631125824145
1.27,1.280000000000001,1.0688444998029722,1.2649177070822024,1.2775877596369534
1.28,1.290000000000001,0.790959800869866,1.3215240592995714,1.2865246482956028
1.29,1.300000000000001,0.889073102592181,1.3746485916293771,1.297686048745886
1.3,1.310000000000001,0.9354919311613833,1.285983489805922,1.3064732370929562
1.31,1.320000000000001,0.9564618044751965,1.3566355317475158,1.317227701702144
1.32,1.330000000000001,1.0244998643898953,1.2970901642674137,1.3266405043559868
1.33,1.340000000000001,1.0543063023919343,1.4624743166124485,1.34081376347237
1.34,1.350000000000001,0.9481468676477163,1.1725292531248765,1.3452437632962833
1.35,1.360000000000001,0.8237329904536616,1.4357405052879584,1.3558690985484954
1.36,1.370000000000001,1.0537892397909885,1.3417754566311015,1.365734357795973
1.37,1.380000000000001,0.8239855882349875,1.4927668722635723,1.3774431623321364
1.3800000000000001,1.390000000000001,0.9130061520135726,1.4044375670776343,1.3871557819879092
1.3900000000000001,1.400000000000001,1.1318508742529763,1.4658903555699332,1.4005008933865937
1.4000000000000001,1.410000000000001,1.1948555321325254,1.4140550757855483,1.4125846332611884
1.41,1.420000000000001,0.7704907586070289,1.4530153977215174,1.4213312681931234
1.42,1.430000000000001,1.1719616113480475,1.373045875366616,1.431399345900417
1.43,1.440000000000001,1.0970176865619923,1.4135533167512082,1.4416093339682596
1.44,1.450000000000001,1.1273874393548635,1.4042560678542844,1.4515344961438592
1.45,1.460000000000001,1.1007672370692296,1.437631744614707,1.4618722287877346
1.46,1.470000000000001,1.0262945125548033,1.5841412032921594,1.4754711007685
1.47,1.480000000000001,0.9746811639824866,1.463444221020413,1.4846627510360861
1.48,1.490000000000001,1.1852835936391082,1.6080921132478712,1.499872503320825
1.49,1.500000000000001,1.0840439025969892,1.549947426543707,1.5119767728762121
1.5,1.5100000000000011,1.1776059980858602,1.5168252901622978,1.5236692569079295
1.51,1.5200000000000011,0.9420777758855835,1.5005173134233718,1.5322479067331929
1.52,1.5300000000000011,1.1858729443347358,1.553148713265559,1.5444827515720596
1.53,1.5400000000000011,1.0336448949152752,1.436220401061546,1.55142573608469
1.54,1.5500000000000012,1.0125757303279463,1.6197129819136258,1.5633499621609845
1.55,1.5600000000000012,1.0361676567981974,1.4847950304845154,1.5711727681795407
1.56,1.5700000000000012,0.8181922845307091,1.5518678675488438,1.578608717525245
1.57,1.5800000000000012,1.0189505710785565,1.392966512322732,1.58304850311497
1.58,1.5900000000000012,0.9743732100685376,1.635993648596426,1.5940797862640443
1.59,1.6000000000000012,1.2412483959268061,1.517568512965933,1.6038659777508397
1.6,1.6100000000000012,0.9216391373698434,1.7375643248178518,1.6167771034378107
1.61,1.6200000000000012,1.00278967925755,1.7649414289439485,1.6309453918133172
1.62,1.6300000000000012,1.1173148438217504,1.4676966573437251,1.6369880443133593
1.6300000000000001,1.6400000000000012,0.9972869276186662,1.5491415900256467,1.6440602961008595
1.6400000000000001,1.6500000000000012,0.8773265465719484,1.7795627223852954,1.65660425704612
1.6500000000000001,1.6600000000000013,0.8556491280814306,1.4682631018915142,1.6593048331596425
1.6600000000000001,1.6700000000000013,0.9896217022233108,1.6813043771887382,1.6695306663404872
1.67,1.6800000000000013,0.9985011953258417,1.529693532408221,1.675005725844902
1.68,1.6900000000000013,0.9796001012152123,1.737587082500205,1.6863093856956095
1.69,1.7000000000000013,1.0067484912763327,1.7994114467809763,1.6994060214197388
1.7,1.7100000000000013,1.023756972695866,1.7852500300682026,1.711882803559805
1.71,1.7200000000000013,1.0512941102932567,1.6859516585729102,1.7212981958935654
1.72,1.7300000000000013,0.9984905289699394,1.65872347596055,1.7290905030876798
1.73,1.7400000000000013,1.0190477081152003,1.7472977123683842,1.7394851392350243
1.74,1.7500000000000013,1.0402915722383919,1.9761294057112195,1.756650582805068
1.75,1.7600000000000013,1.0783714273895395,1.921352786754527,1.7720930732328068
1.76,1.7700000000000014,0.9857876964015264,1.7992918030375784,1.7825498937552664
1.77,1.7800000000000014,0.9114084351036041,1.9202944385025973,1.7956169935275554
1.78,1.7900000000000014,1.1638989363350816,1.7594735644716748,1.8059377886622654
1.79,1.8000000000000014,1.1648553570287354,1.9648779988313174,1.822128998806165
1.8,1.8100000000000014,0.9111373470446797,1.7321497661915581,1.8284039017439457
1.81,1.8200000000000014,1.051726112388073,1.9587903754438292,1.8426553355064526
1.82,1.8300000000000014,1.0952711048131094,1.9442510406972744,1.856497652713853
1.83,1.8400000000000014,0.9612907938219174,1.861207431387569,1.8661449656857028
1.84,1.8500000000000014,0.7813021072057432,1.8005121949900342,1.871921674258688
1.85,1.8600000000000014,1.0104326524751075,1.6111966384463023,1.8740060034000037
1.86,1.8700000000000014,0.9558091828139945,1.9026564263658121,1.8842198113161401
1.87,1.8800000000000014,1.0385036560025105,1.8724073984351575,1.8940184819883172
1.8800000000000001,1.8900000000000015,0.7413935497725715,1.9284326821674234,1.9023266932892033
1.8900000000000001,1.9000000000000015,0.8784236814163353,1.8945667369748096,1.9106964341210255
1.9000000000000001,1.9100000000000015,1.046574657276203,1.774500599223389,1.916805658236564
1.9100000000000001,1.9200000000000015,0.9918250783576821,1.8668908828615103,1.9249503666518937
1.92,1.9300000000000015,1.1314273134509878,1.9589000893798523,1.9369696218453385
1.93,1.9400000000000015,1.0110939509503458,1.9520356160539103,1.9472569991920965
1.94,1.9500000000000015,0.9289558608791944,1.8777552345406063,1.954187310013001
1.95,1.9600000000000015,1.2067767465065864,2.1923469804577786,1.9731112691062482
1.96,1.9700000000000015,1.021384124628899,1.8642342833860606,1.9797866059866325
1.97,1.9800000000000015,0.9871158640223735,1.9838414135732159,1.9895175788416235
1.98,1.9900000000000015,1.0931543227616909,1.844468557986962,1.9957524737758574
1.99,2.0000000000000013,0.9236161507677354,1.875431183300763,2.0010459113340366
2.0,2.010000000000001,1.0465798916242184,1.9726676596707333,2.010282269360011
2.0100000000000002,2.020000000000001,1.0420106654132884,2.0351266335989147,2.0210780308648686
2.02,2.0300000000000007,0.9754092392132528,1.852202318053135,2.0253506296121
2.0300000000000002,2.0400000000000005,0.9943584161344757,2.0634144198396425,2.036037071014006
2.04,2.0500000000000003,1.211109326118635,2.1271318614854926,2.0504447021557595
2.05,2.06,1.0292213708375608,1.9841764416506877,2.0583316503548112
2.06,2.07,0.9669938187887387,2.0417603876785946,2.0671021792826565
2.07,2.0799999999999996,0.9911535356211062,2.1838778445748668,2.080152239389629
2.08,2.0899999999999994,1.161735756316801,2.1391323029404012,2.093131760354468
2.09,2.099999999999999,0.8657601715555963,2.084774107111909,2.1012083554380285
2.1,2.109999999999999,1.0554229421990944,2.076138974842884,2.1106104510869863
2.11,2.1199999999999988,1.0756541277306062,1.9723866044227476,2.1167557149132348
2.12,2.1299999999999986,0.8805755423690902,2.2543445597432927,2.129355907152007
2.13,2.1399999999999983,1.1298600264520025,2.2868815906699376,2.1450190415952424
2.14,2.149999999999998,1.0620066385302793,2.1550914769163456,2.1555809711468883
2.15,2.159999999999998,1.041142073030847,2.2507350958868586,2.1685304178477782
2.16,2.1699999999999977,1.0997729721215026,2.252584880247101,2.1817361890477303
2.17,2.1799999999999975,1.029180502024063,2.2549566773027325,2.1939498656352034
2.18,2.1899999999999973,0.9407008768532529,2.234081483320071,2.204317110502907
2.19,2.199999999999997,1.093036304217339,2.2744076144858667,2.2170831774226194
2.2,2.209999999999997,1.0347550972473372,2.2414885617976763,2.2279104240255454
2.21,2.2199999999999966,1.0341076103067226,2.1193263089937346,2.23468373630105
2.22,2.2299999999999964,0.9475893576005704,2.2057827432899355,2.2430101683534396
2.23,2.239999999999996,0.8924958562009667,2.2171913665104355,2.250884720265502
2.24,2.249999999999996,0.999452374443996,2.2270811477727332,2.259847102761506
2.25,2.259999999999996,0.7833539064179578,2.3145306026240826,2.2690966583350067
2.2600000000000002,2.2699999999999956,0.9758118033935193,2.361151190906243,2.281365678107796
2.27,2.2799999999999954,1.0510335980878136,2.30126108748562,2.2921888086817837
2.2800000000000002,2.289999999999995,1.1434212539780901,2.084485447177741,2.296970145869425
2.29,2.299999999999995,1.127955449422829,2.4635379150327794,2.31294916237437
2.3000000000000003,2.3099999999999947,1.0982955800965084,2.402561902960016,2.326340625059307
2.31,2.3199999999999945,0.908439930148337,2.3771781482209717,2.3367325303360245
2.32,2.3299999999999943,0.8795770600237557,2.3444733402086384,2.3455425525461426
2.33,2.339999999999994,0.9676582528565906,2.3659836451043343,2.3555936530199237
2.34,2.349999999999994,0.9322478413212767,2.3102402106178546,2.3632971916431544
2.35,2.3599999999999937,0.9879312077583254,2.392494082910711,2.373798846049691
2.36,2.3699999999999934,1.1001824196539753,2.5164436727202597,2.3888567132058895
2.37,2.3799999999999932,0.9704633760579334,2.238518670972354,2.393755126061887
2.38,2.389999999999993,0.95021313433588,2.4138184309982855,2.4036096986048188
2.39,2.399999999999993,1.1392428081780352,2.3754174606950804,2.4138270798398214
2.4,2.4099999999999926,1.2050579686403413,2.2596670284656404,2.4208251113970163
2.41,2.4199999999999924,0.8984766927540817,2.510447923773707,2.432243031556566
2.42,2.429999999999992,1.199843135381761,2.3759849787844525,2.4421531142890083
2.43,2.439999999999992,1.0838958720559817,2.596185481272873,2.4573393321303088
2.44,2.4499999999999917,0.9542611932498288,2.317481285644808,2.4623380958808574
2.45,2.4599999999999915,1.0011009612464232,2.4385513635024827,2.4712902170113327
2.46,2.4699999999999913,1.0481014356963967,2.531337060764703,2.483247984651156
2.47,2.479999999999991,0.9241315705189123,2.5734861703585317,2.4949410163338643
2.48,2.489999999999991,0.9436303726321063,2.407213383286286,2.5014120001786626
2.49,2.4999999999999907,0.8194843169463648,2.222405361390868,2.5008074548230987
2.5,2.5099999999999905,1.0163995522759002,2.416561588513123,2.5079742266188094
2.5100000000000002,2.5199999999999902,0.7888654122084499,2.666741577193969,2.5203302128725897
2.52,2.52999999999999,0.8031457076246065,2.5844042449924434,2.529977499484877
2.5300000000000002,2.53999999999999,0.9799047711339504,2.6060452793623607,2.5417217896434843
2.54,2.5499999999999896,0.9210870495109471,2.4957481417439777,2.5491872539912883
2.5500000000000003,2.5599999999999894,0.959383815770668,2.765381338454959,2.5650176231183845
2.56,2.569999999999989,0.9239128767969694,2.616167798649861,2.575523644935465
2.57,2.579999999999989,1.0471230648690966,2.69411953562257,2.5892977385886744
2.58,2.5899999999999888,1.1203824293896116,2.6682019505790247,2.602601841879053
2.59,2.5999999999999885,1.0462573615488315,2.6378353804273216,2.613873261394175
2.6,2.6099999999999883,1.1921184149545136,2.6557283225393697,2.626768550778118
2.61,2.619999999999988,0.9367123132577034,2.6759964837137535,2.6374222013493562
2.62,2.629999999999988,0.9888770922607739,2.7176967469712134,2.6495424729388954
2.63,2.6399999999999877,0.7619627306801549,2.545836408614702,2.653860985251447
2.64,2.6499999999999875,1.1585489862139382,2.5751280771643845,2.6627537578024523
2.65,2.6599999999999873,0.9630187167662989,2.5742884071255667,2.669426175566741
2.66,2.669999999999987,1.0334555881036525,2.7775064646903864,2.6827596539333816
2.67,2.679999999999987,0.9259371600157911,2.8825333639896793,2.6978832897143676
2.68,2.6899999999999866,1.0304875562593185,2.4217111007827468,2.699528678437025
2.69,2.6999999999999864,1.132568847871168,2.613673567944234,2.7078950889606386
2.7,2.709999999999986,1.048419651127564,2.8120673254360504,2.721225720613187
2.71,2.719999999999986,1.0159384326142693,2.842058922196239,2.734779158117878
2.72,2.7299999999999858,0.9391385414187374,2.615490260485302,2.7402802858110236
2.73,2.7399999999999856,1.0366634229282514,2.6504129101120513,2.7475874628187946
2.74,2.7499999999999853,0.9143317542502589,2.808587766373747,2.75829114279962
2.75,2.759999999999985,0.9810998491314041,2.700074642859306,2.7660126753820324
2.7600000000000002,2.769999999999985,0.8360653910102729,2.6473052894958498,2.7704580775216106
2.77,2.7799999999999847,0.9018518298223901,2.7149904269452128,2.7774365058975397
2.7800000000000002,2.7899999999999845,1.153857983418586,2.816570215018728,2.789731146720713
2.79,2.7999999999999843,0.9769282604109751,2.8937453805354743,2.8023028880763645
2.8000000000000003,2.809999999999984,0.9114524951204311,2.799275584457677,2.8109951894705896
2.81,2.819999999999984,1.1481080318134786,2.66977805472117,2.817752250124274
2.82,2.8299999999999836,0.9112787018113042,2.887463201110884,2.828617522483658
2.83,2.8399999999999834,1.15997520083081,2.8778101775242733,2.8412845835886413
2.84,2.849999999999983,0.8540442361397405,2.7785792814836787,2.8475752927305313
2.85,2.859999999999983,0.691753939232935,2.8318560182064783,2.853708146763109
2.86,2.869999999999983,0.9449112882393838,2.97493249426576,2.8664764065058677
2.87,2.8799999999999826,1.0351719680117626,2.740102462034096,2.872581188581977
2.88,2.8899999999999824,0.9999774853965888,2.8234796516325575,2.8806667605164864
2.89,2.899999999999982,0.9008783974858181,2.936541999022691,2.8909844312871638
2.9,2.909999999999982,0.9053406014179317,2.912796567162307,2.900317755948649
2.91,2.9199999999999817,0.8646806780049414,3.07986042817731,2.9140849737151933
2.92,2.9299999999999815,0.8225778118121311,2.9045846465896363,2.9217137546996375
2.93,2.9399999999999813,0.898750240971205,2.7615886952832467,2.92546865352171
2.94,2.949999999999981,1.0520885907386368,2.8801139579647344,2.9341693600640375
2.95,2.959999999999981,1.120401994274043,2.8405304427063838,2.942038614057868
2.96,2.9699999999999807,0.9112173640030576,3.0221338305688805,2.9531623810577097
2.97,2.9799999999999804,0.9630324438556962,3.1281313950850818,2.9677118783317935
2.98,2.9899999999999802,1.0063796542951826,2.9420424993561816,2.9765944940330784
2.99,2.99999999999998,1.2369150161666151,2.9428920835897343,2.987455467208755
3.0,3.00999999999998,0.9981270034987961,3.0509498965645245,2.9989608185201853
3.0100000000000002,3.0199999999999796,0.9099866076066666,3.0874689314946164,3.0103930615473407
3.02,3.0299999999999794,1.0886756273837954,3.0753652637640987,3.0228616043713816
3.0300000000000002,3.039999999999979,1.1458435056478797,3.03608455703405,3.034317715081682
3.04,3.049999999999979,0.9580204641765946,3.0675096443093715,3.0445644459750008
3.0500000000000003,3.0599999999999787,1.0850253578239955,3.1324392368687937,3.0577222730112763
3.06,3.0699999999999785,1.1394219774224967,3.001994471122469,3.0670378525098987
3.0700000000000003,3.0799999999999783,0.9462999909591624,2.987133901228806,3.0737214652416682
3.08,3.089999999999978,1.1651011021838595,3.264619554058938,3.0907832523401884
3.09,3.099999999999978,0.9783509761368746,2.945973176029283,3.095819125710686
3.1,3.1099999999999777,0.6235012880969117,3.069823352388857,3.101003073349443
3.11,3.1199999999999775,0.7811269525544328,3.214436893053083,3.1119707229342928
3.12,3.1299999999999772,1.0179656704543494,3.310139268352533,3.127858415580307
3.13,3.139999999999977,0.95327635823949,3.194017289597878,3.1391373294782237
3.14,3.149999999999977,0.8949464252148858,3.233974026325317,3.1507452031140133
3.15,3.1599999999999766,0.8821001759972321,3.1391070596992323,3.158997132883094
3.16,3.1699999999999764,0.8791277061758707,3.2331225878926686,3.169837795501478
3.17,3.179999999999976,0.9746754577370806,3.220758373884803,3.180914510199933
3.18,3.189999999999976,1.0244023648634477,3.0675209513780826,3.187458805957427
3.19,3.1999999999999758,0.9363358185796083,3.031486460737171,3.19180939677281
3.2,3.2099999999999755,1.0508250543757107,3.1186669605535315,3.1997539783424727
3.21,3.2199999999999753,1.1086137525748418,3.1971154051092787,3.210390485867092
3.22,3.229999999999975,1.0023606650791403,3.13948890103072,3.2179044059798634
3.23,3.239999999999975,0.9009191448151682,3.1570814629249555,3.2247188702212433
3.24,3.2499999999999747,0.9872988382655852,3.248316602657592,3.234932421266445
3.25,3.2599999999999745,0.9098662701332787,3.312094285751163,3.246038264465347
3.2600000000000002,3.2699999999999743,0.9303389584844084,3.4726123798871575,3.2619343357060906
3.27,3.279999999999974,1.1219694304295467,3.127256158454686,3.2687013098745026
3.2800000000000002,3.289999999999974,0.931422595468664,3.2578980672566447,3.277366989967176
3.29,3.2999999999999736,0.9853997235881661,3.4486460067909444,3.2921206566588013
3.3000000000000003,3.3099999999999734,0.9055050210649305,3.2988842809502827,3.3011152082385733
3.31,3.319999999999973,1.128784012038083,3.4049523348951864,3.3152435241752123
3.3200000000000003,3.329999999999973,0.9205183962249128,3.3669500689586958,3.3257858892138596
3.33,3.3399999999999728,0.9817331256246846,3.259358537629471,3.333320134296929
3.34,3.3499999999999726,0.9837836413764502,3.323216072495484,3.3425744663712305
3.35,3.3599999999999723,1.0681830601285585,3.306099251680773,3.3518340986986415
3.36,3.369999999999972,0.8801839991490333,3.353011727525841,3.360409035679735
3.37,3.379999999999972,0.8636656386091452,3.4877476338579387,3.3726815452440335
3.38,3.3899999999999717,1.000193379928776,3.334280191371473,3.3812424159408963
3.39,3.3999999999999715,1.0151704885780326,3.3911950818320484,3.391413294598812
3.4,3.4099999999999713,1.071340761700767,3.3864638506674978,3.4016726744453494
3.41,3.419999999999971,0.8136976004011949,3.26673783332621,3.4054526470324142
3.42,3.429999999999971,1.0693457487312774,3.414444017048045,3.4160713049570934
3.43,3.4399999999999706,0.9276543692400732,3.474702952900468,3.4268347112935533
3.44,3.4499999999999704,0.8586600874371474,3.5110818752859676,3.4377279368468425
3.45,3.45999999999997,1.1209758585145493,3.3432833813502665,3.4457195398080205
3.46,3.46999999999997,1.1629887020041467,3.5513168993762827,3.460207141071787
3.47,3.47999999999997,0.9632028964593142,3.5373646940194434,3.4719162168536366
3.48,3.4899999999999696,0.880337475363087,3.7001040661910474,3.487463424519997
3.49,3.4999999999999694,1.0833933041135668,3.528134415360533,3.4993078366861403
3.5,3.509999999999969,1.0308303697414938,3.426360327148203,3.5071752937167866
3.5100000000000002,3.519999999999969,1.1090817846276777,3.2991408384152674,3.511642893499315
3.52,3.5299999999999687,1.1260785171947754,3.4575927547203995,3.5209205677798088
3.5300000000000002,3.5399999999999685,0.869449250605181,3.6025417052435444,3.5318419116779296
3.54,3.5499999999999683,1.0135251948758308,3.450099312029579,3.5391834645493945
3.5500000000000003,3.559999999999968,1.0245641499239306,3.4127935637429725,3.54523820239289
3.56,3.569999999999968,1.0567038156717234,3.6965710680379336,3.560060849302352
3.5700000000000003,3.5799999999999677,1.0846000443785888,3.629242118715551,3.572682802070948
3.58,3.5899999999999674,1.040673347162296,3.61155892516516,3.583969278582093
3.59,3.5999999999999672,0.9368079569874811,3.4650104812392817,3.589428112420677
3.6,3.609999999999967,1.0022367159127987,3.580494849673224,3.5988489892052127
3.61,3.619999999999967,1.0071436098996864,3.470664989348342,3.6046629275507525
3.62,3.6299999999999666,0.8153728924137159,3.601547145330406,3.6124029102515554
3.63,3.6399999999999664,0.9519167226862457,3.6551326055490736,3.6228659393708145
3.64,3.649999999999966,1.1818007812207088,3.671388074233052,3.635744752502042
3.65,3.659999999999966,1.0377590986988712,3.732626662983258,3.6487180246408735
3.66,3.6699999999999657,0.9678356826966488,3.7073508040041108,3.6598692429956614
3.67,3.6799999999999655,0.8932796703134613,3.6178689220087423,3.667233336316946
3.68,3.6899999999999653,0.8612830369327972,3.607685610099453,3.6737349683469844
3.69,3.699999999999965,1.049478969772505,3.6207855116142125,3.682242303341439
3.7,3.709999999999965,1.0814478342483633,3.5777143287571644,3.6894622087284437
3.71,3.7199999999999647,0.9770672215677711,3.7975455399274733,3.7021409439875823
3.72,3.7299999999999645,1.0419055118626113,3.5750274781545732,3.7082813560883
3.73,3.7399999999999642,0.9536689512870922,3.8827236718693983,3.722751951471175
3.74,3.749999999999964,1.1923888114749317,3.863944482819726,3.7385691297121584
3.75,3.759999999999964,1.0196680026418183,3.8421353198881683,3.7515996893584247
3.7600000000000002,3.7699999999999636,0.8569986532147262,3.630367011470118,3.7562030741369012
3.77,3.7799999999999634,1.0253676806498566,3.6722288778312104,3.763539494262286
3.7800000000000002,3.789999999999963,0.895153816702216,3.9450491664067417,3.777708537209748
3.79,3.799999999999963,1.0813300038865967,3.856784174815253,3.7906001715602917
3.8000000000000003,3.8099999999999627,0.767471319710209,3.9031616365569124,3.801494472580024
3.81,3.8199999999999625,0.8514314790705021,3.7440819733585267,3.808033415879007
3.8200000000000003,3.8299999999999623,1.0155334187385288,3.768304820844371,3.816684352688284
3.83,3.839999999999962,0.9526301447763037,4.052616733584395,3.833145228077849
3.84,3.849999999999962,0.9672438079013129,3.7825891959198334,3.8410500073591987
3.85,3.8599999999999617,0.9037481644784282,4.004853719365407,3.8548801337570375
3.86,3.8699999999999615,0.9945461314053136,3.8750651453293297,3.86524263947128
3.87,3.8799999999999613,0.8819641950574005,3.9468162089103846,3.8763952304483804
3.88,3.889999999999961,1.1522278136805135,4.004206192513231,3.8916044833172814
3.89,3.899999999999961,0.9382119599232576,3.849214219861701,3.899566213845603
3.9,3.9099999999999606,0.8442521829424704,4.056490998376118,3.912700173218796
3.91,3.9199999999999604,0.8841440209157154,3.8223033048958346,3.9186979237917425
3.92,3.92999999999996,0.9937313835232855,3.9332952776737993,3.9289406784573564
3.93,3.93999999999996,1.0143200240320287,3.918106500988208,3.938606205818923
3.94,3.9499999999999598,0.9404994436397703,3.9503800732414693,3.948241507991267
3.95,3.9599999999999596,0.8058627270148679,4.124507598817351,3.9616055463096997
3.96,3.9699999999999593,1.1258093779055658,3.9688468272635737,3.9729499387415714
3.97,3.979999999999959,0.9282837459569462,4.084102111597813,3.985557774206441
3.98,3.989999999999959,1.0977078578632635,3.904898745728315,3.9939695184852533
3.99,3.9999999999999587,1.1049601432796003,3.992031587095311,4.004832597905802
4.0,4.009999999999959,1.0856935121299558,4.064207542869326,4.01738101677985
4.01,4.019999999999959,0.9221696859522348,4.15762431764532,4.030833283601811
4.0200000000000005,4.0299999999999585,0.8622862820947838,3.9729360578735173,4.037681663588217
4.03,4.039999999999958,0.8980355551791823,4.146907659685179,4.049970203473132
4.04,4.049999999999958,1.09988084263641,4.24111354811392,4.066752187531166
4.05,4.059999999999958,1.056154127547177,4.032547254008708,4.076269187232203
4.0600000000000005,4.069999999999958,0.9811918783034295,4.11679040735208,4.087332420017382
4.07,4.079999999999957,0.9563213373696108,4.174136118451071,4.099579918652271
4.08,4.089999999999957,1.0115642316422124,4.1546550283383725,4.111415298491041
4.09,4.099999999999957,1.0198644417001899,3.9516743051530048,4.116771479804135
4.1,4.109999999999957,0.9660454258290896,4.069705718695612,4.125002267490859
4.11,4.119999999999957,1.0055502660032192,3.908556466777259,4.128415962063012
4.12,4.129999999999956,0.996037281363204,4.118107034067606,4.13797653867678
4.13,4.139999999999956,0.9968170748943181,4.23958667051757,4.150963086200201
4.14,4.149999999999956,1.071847680198156,4.124146256968452,4.160774852184983
4.15,4.159999999999956,0.9626524397226839,4.236290896879594,4.1726479471557045
4.16,4.1699999999999555,1.1037535792987203,4.101253443036531,4.181413391235366
4.17,4.179999999999955,1.0770428808628538,4.163537482226894,4.1915325542884805
4.18,4.189999999999955,0.8681424238293474,4.069997841197552,4.196446069572389
4.19,4.199999999999955,1.0687847053952777,4.19902840581581,4.207063092229373
4.2,4.209999999999955,0.8999574194801194,4.431603112374614,4.222832669943874
4.21,4.2199999999999545,0.986217430567224,4.120752525070318,4.229509221199103
4.22,4.229999999999954,1.0349317238682687,4.3261850327890095,4.242705872149606
4.23,4.239999999999954,0.9894028446272639,4.25413510137272,4.252878700315983
4.24,4.249999999999954,0.8308777511306271,4.316136713030722,4.263101083188527
4.25,4.259999999999954,1.0046541967776963,4.157392745547917,4.269854372168501
4.26,4.269999999999953,0.9721293355381361,4.295734926651317,4.280283835621538
4.2700000000000005,4.279999999999953,1.1566729633626658,4.314122076475464,4.292750574806996
4.28,4.289999999999953,0.8919594161801632,4.240688330577408,4.300029363757446
4.29,4.299999999999953,1.1295573620840826,4.186219647671297,4.307703542452837
4.3,4.3099999999999525,0.992311068708959,4.265510909306823,4.316200841258693
4.3100000000000005,4.319999999999952,0.9827436413329226,4.386684083425598,4.328037381329402
4.32,4.329999999999952,1.0766980224956764,4.405524045228686,4.341017273848577
4.33,4.339999999999952,1.0566210182611289,4.288810587903749,4.349854134330393
4.34,4.349999999999952,1.057875028917354,4.495502906604302,4.364738329806108
4.3500000000000005,4.3599999999999515,0.985686670892248,4.390965732348584,4.375309266306112
4.36,4.369999999999951,0.9657245729925881,4.57733432937232,4.391070804047446
4.37,4.379999999999951,0.795712117155765,4.318055882396354,4.396826273147462
4.38,4.389999999999951,0.9337374026178393,4.548878799358846,4.410782084620378
4.39,4.399999999999951,1.054067438077518,4.284970032792738,4.4174449810776135
4.4,4.40999999999995,1.0542111963255376,4.485126882069991,4.429988756731126
4.41,4.41999999999995,1.0638284548156591,4.367300474629722,4.438653724645385
4.42,4.42999999999995,0.919861096308777,4.3911484954016675,4.446365442720141
4.43,4.43999999999995,0.8440716011548256,4.497942687691506,4.456357096019495
4.44,4.4499999999999496,0.9484150465978017,4.5123879968869876,4.467509481216309
4.45,4.459999999999949,0.9782350752073987,4.510715510655163,4.47857248594354
4.46,4.469999999999949,0.9674267606504111,4.628619131831637,4.492809947002337
4.47,4.479999999999949,1.0521548027801026,4.544939282551706,4.504914867400628
4.48,4.489999999999949,1.0387296599487774,4.548115500436689,4.516628895962796
4.49,4.4999999999999485,0.9823997883639771,4.580601030451578,4.528442254706303
4.5,4.509999999999948,0.9436102105167642,4.426510042651217,4.534819304523564
4.51,4.519999999999948,0.856461547572033,4.799753441997466,4.5515435899216765
4.5200000000000005,4.529999999999948,1.021575100829104,4.5621779023027385,4.562164423557212
4.53,4.539999999999948,0.8836280040427624,4.440071767809418,4.567386675234999
4.54,4.549999999999947,1.0494609295078778,4.494521394636913,4.575683186359036
4.55,4.559999999999947,1.061011510116069,4.575847672902469,4.586301044454088
4.5600000000000005,4.569999999999947,0.7987481827600602,4.602460627432467,4.594862700503302
4.57,4.579999999999947,1.0036093606695062,4.61514511705111,4.605538803312329
4.58,4.589999999999947,1.0325576642921375,4.697465338637339,4.618690768660107
4.59,4.599999999999946,0.7311930345338773,4.795092195678106,4.631530686268899
4.6000000000000005,4.609999999999946,0.8561717977199207,4.685097540614106,4.641874444991472
4.61,4.619999999999946,0.8848687214949106,4.518209082603607,4.647086699792453
4.62,4.629999999999946,0.7258902326837529,4.801604942857133,4.659229863297254
4.63,4.6399999999999455,0.8707336322981786,4.613456785096578,4.666692729959252
4.64,4.649999999999945,0.8767261412748784,4.5610821734649605,4.672366138354605
4.65,4.659999999999945,0.8100153213964152,4.605130795165465,4.678532450942167
4.66,4.669999999999945,0.9110650672118726,4.651783382443967,4.6868943315932965
4.67,4.679999999999945,0.7833976933792339,4.6945932794471235,4.695061751101044
4.68,4.689999999999944,0.9521393162916891,4.644535051785163,4.703083153162029
4.69,4.699999999999944,0.8036577250806912,4.842834680566547,4.715469293435435
4.7,4.709999999999944,0.9840329045659123,4.705244519162806,4.725054502466384
4.71,4.719999999999944,1.2528867411702453,4.721070503918279,4.73743077737164
4.72,4.729999999999944,0.9452128532755789,4.814575355682219,4.749301829824024
4.73,4.739999999999943,1.1564776089722186,4.547254631183698,4.754698179033017
4.74,4.749999999999943,1.0002492787390604,4.880873988227763,4.768558804103877
4.75,4.759999999999943,0.9434367351474747,4.878619281786781,4.781410542173912
4.76,4.769999999999943,0.9715559509817118,4.7092732389328305,4.788990037894128
4.7700000000000005,4.7799999999999425,1.1356064093732687,4.936199781619903,4.804846852698916
4.78,4.789999999999942,1.103583851213133,4.720662609243013,4.813353678652831
4.79,4.799999999999942,0.9059726170909359,4.638802608490718,4.817150851943489
4.8,4.809999999999942,1.099368812832284,4.801877878456866,4.827641054943639
4.8100000000000005,4.819999999999942,1.1129962570878813,4.818204626029944,4.83843393438766
4.82,4.8299999999999415,1.0920822764894607,4.781175681067859,4.847554467736032
4.83,4.839999999999941,1.0742403343737057,4.969523856337489,4.861965588260272
4.84,4.849999999999941,1.0798449329635464,4.7025146213966655,4.86785330308407
4.8500000000000005,4.859999999999941,0.9563729864212154,4.805755993588585,4.875471541019181
4.86,4.869999999999941,0.9253758262939591,4.868018790520373,4.884439663593788
4.87,4.87999999999994,0.9405937686427291,5.042624833862476,4.898618577389852
4.88,4.88999999999994,1.1134999893197763,4.871962717791104,4.908862502044535
4.89,4.89999999999994,1.1597855638819583,4.912784336566699,4.920479282384761
4.9,4.90999999999994,0.9770859084518738,5.137491764986339,4.936842970078444
4.91,4.9199999999999395,0.8159222901910544,4.8487339442591395,4.942370346173854
4.92,4.929999999999939,1.1067573176785248,4.800766799676328,4.949051037956396
4.93,4.939999999999939,1.2494970584037588,4.978655189321543,4.96230809378618
4.94,4.949999999999939,1.0810458042428406,5.0150169705188175,4.974644256764646
4.95,4.959999999999939,1.1788348722186293,4.925752772419233,4.984832071626532
4.96,4.9699999999999385,1.083223780400504,4.983614296176973,4.995533413047674
4.97,4.979999999999938,1.0666926869127926,4.950907786319579,5.004742546759222
4.98,4.989999999999938,1.0057072605157373,5.059083458356961,5.016372019400344
4.99,4.999999999999938,1.0432499596200997,4.989542845690555,5.025894992445476
5.0,5.009999999999938,0.9695571151167021,4.912023232328391,5.032028837264848
5.01,5.019999999999937,0.9734762746383722,5.016675652062487,5.041177897056904
5.0200000000000005,5.029999999999937,0.9747925032548923,5.088831712786659,5.052260049530029
5.03,5.039999999999937,0.9788321350342635,5.21692370608737,5.066973153073706
5.04,5.049999999999937,0.9495354775106065,5.366057565182768,5.085562105848355
5.05,5.0599999999999365,1.093907746610425,4.9972356406391825,5.093783485209132
5.0600000000000005,5.069999999999936,1.0365919467110172,5.1418762742832484,5.105593500720672
5.07,5.079999999999936,1.0467571991936417,4.989034554208189,5.112475147941282
5.08,5.089999999999936,1.0180278776763596,5.081943404149503,5.121672220735711
5.09,5.099999999999936,1.0556421181664932,5.252140973378213,5.136148038956223
5.1000000000000005,5.1099999999999355,0.9585605405169334,5.144785621172079,5.145990928890193
5.11,5.119999999999935,0.9054681626332262,4.9665993748174015,5.1495652290132155
5.12,5.129999999999935,1.1439775057342707,5.111324336650733,5.159713767812687
5.13,5.139999999999935,0.9616984028461405,4.938877773302769,5.16249296553799
5.14,5.149999999999935,0.8713179275381306,5.039563134236194,5.167322239129941
5.15,5.159999999999934,1.059728033807409,5.12966720058848,5.176547522283589
5.16,5.169999999999934,0.8713482448238234,4.968596486794405,5.1787211364014825
5.17,5.179999999999934,0.9883834305474481,5.0887998780497785,5.185575481999989
5.18,5.189999999999934,1.0531172611942157,5.2889457283534895,5.198941787895358
5.19,5.199999999999934,0.8582299382748094,5.19951370778581,5.207301332999057
5.2,5.209999999999933,0.8721259838627786,5.2314958045415265,5.2165159924876106
5.21,5.219999999999933,1.0867607368132493,5.205358126338272,5.22673423448795
5.22,5.229999999999933,1.1254269384096274,5.047283789116962,5.232171036498422
5.23,5.239999999999933,0.8060767210999782,5.174453185991719,5.238179407490139
5.24,5.2499999999999325,1.1209610766920686,5.072283451541664,5.243910267285301
5.25,5.259999999999932,0.9101428216736127,5.0145089648287495,5.245600805198877
5.26,5.269999999999932,1.0982895336712097,5.243769482126342,5.2560067430462984
5.2700000000000005,5.279999999999932,1.089416145114445,5.327647957189759,5.26857105162238
5.28,5.289999999999932,1.144784699076833,5.208677013631604,5.277665625997032
5.29,5.299999999999931,1.0339387265042508,5.229125380135987,5.286011595610238
5.3,5.309999999999931,1.0708702204295633,5.293388092991782,5.296408874424241
5.3100000000000005,5.319999999999931,1.055747701313855,5.2766954895104545,5.305829686622443
5.32,5.329999999999931,0.9351600784967008,5.231304248054959,5.312395246351971
5.33,5.339999999999931,1.1467135996533464,5.491344269681943,5.328742471354984
5.34,5.34999999999993,0.8071874623342634,5.4518358843840975,5.340139817548057
5.3500000000000005,5.35999999999993,1.0011788013995375,5.43310168965044,5.3525304936106
5.36,5.36999999999993,0.8692284768959725,5.312220931977598,5.359589131016112
5.37,5.37999999999993,1.085457057937169,5.422817849626444,5.371897328791475
5.38,5.3899999999999295,0.8800157851831982,5.274629722584977,5.377318774730024
5.39,5.399999999999929,1.158151970165298,5.3884374534601,5.388721034625564
5.4,5.409999999999929,1.0309139295629173,5.483272756845148,5.401442742761834
5.41,5.419999999999929,0.6382993502280946,5.507005368755308,5.410720844599965
5.42,5.429999999999929,0.9866535456797642,5.314757142095749,5.417239331740851
5.43,5.4399999999999284,1.0746972264678785,5.318627286395542,5.4244983698595535
5.44,5.449999999999928,0.9103424896912038,5.314650023621402,5.429787366977483
5.45,5.459999999999928,0.9802914773630136,5.34359064355898,5.43644232230181
5.46,5.469999999999928,1.1064720886187438,5.646512628699674,5.453357093927243
5.47,5.479999999999928,1.0361476066579274,5.347485444821711,5.459982712074668
5.48,5.489999999999927,0.7999104526652839,5.309780839476758,5.462926750293789
5.49,5.499999999999927,1.0511270229195389,5.406831855774131,5.471137998672297
5.5,5.509999999999927,0.8777033295292926,5.358889160466606,5.475929789493214
5.51,5.519999999999927,0.9929052588492157,5.601273434883312,5.489072044725156
5.5200000000000005,5.5299999999999265,0.9329587141108043,5.5230522658935515,5.498872465294363
5.53,5.539999999999926,0.9738641713192377,5.273359271664709,5.501136664553265
5.54,5.549999999999926,0.9201203150983066,5.598849232501884,5.512699397095217
5.55,5.559999999999926,1.0855337819244932,5.34967555357177,5.517914149727091
5.5600000000000005,5.569999999999926,1.0903337371058308,5.718683623085719,5.534254831671648
5.57,5.5799999999999255,1.0670855635429772,5.683168664644752,5.548840827447453
5.58,5.589999999999925,1.0877671799286597,5.749067050543102,5.565239251695324
5.59,5.599999999999925,1.0932869191553158,5.575112007905372,5.5759237579994805
5.6000000000000005,5.609999999999925,0.8544430586752809,5.626421925627755,5.585535761844359
5.61,5.619999999999925,1.0027351692493232,5.4098598417649075,5.589677297138999
5.62,5.629999999999924,0.7921257609965495,5.602235962143672,5.597481022088872
5.63,5.639999999999924,0.9068950989613026,5.66471743749507,5.608071897176686
5.64,5.649999999999924,0.9674737164449477,5.566842589699971,5.615948695484391
5.65,5.659999999999924,0.9928671439462301,5.668362810262415,5.626921781331154
5.66,5.6699999999999235,1.0633670650715814,5.784284194881073,5.641802529527702
5.67,5.679999999999923,0.919887114160899,5.65283242104823,5.650859087417355
5.68,5.689999999999923,0.9961407795531154,5.748981456808097,5.6633204225347775
5.69,5.699999999999923,0.9159622332357077,5.61944095863176,5.670686035991684
5.7,5.709999999999923,0.8861198985031384,5.886902236521961,5.6857051187441225
5.71,5.7199999999999225,1.0752989195281908,5.523427922552476,5.691039156591003
5.72,5.729999999999922,1.0846322716272048,5.657358760528716,5.700346443736114
5.73,5.739999999999922,1.052764764037693,5.623641177182906,5.708014896547332
5.74,5.749999999999922,1.0400013731731663,5.746384980421098,5.71905456344316
5.75,5.759999999999922,0.7803512927400976,5.618669531776961,5.723339895680935
5.76,5.769999999999921,0.9281930984013299,5.7415715434003305,5.732655392489908
5.7700000000000005,5.779999999999921,1.0923400964896675,5.957808179656022,5.749896526846782
5.78,5.789999999999921,1.0148321996949188,5.78468578852319,5.760626063142996
5.79,5.799999999999921,0.9962956105876754,5.7044416058956156,5.76839967456342
5.8,5.809999999999921,0.9876876003175847,5.824411153700621,5.779503031125182
5.8100000000000005,5.81999999999992,1.008903806485825,5.750607816059243,5.788227963951708
5.82,5.82999999999992,0.9658120379105176,5.897501099305492,5.800751291292204
5.83,5.83999999999992,1.0260963705147854,6.133256360603687,5.820719855019559
5.84,5.84999999999992,0.8738393667903587,5.88226539345072,5.8310186048600015
5.8500000000000005,5.8599999999999195,0.9827119904070839,5.801576207990591,5.839604565472719
5.86,5.869999999999919,0.944410745075442,5.83368297341262,5.848527110871345
5.87,5.879999999999919,0.8642177279180718,6.090910688008316,5.864265579822086
5.88,5.889999999999919,0.9986074841257896,5.774670538644023,5.871219113726277
5.89,5.899999999999919,1.109499497882962,6.00479801586737,5.886046517039884
5.9,5.909999999999918,1.0251561983824102,5.8922036977783625,5.896194267760051
5.91,5.919999999999918,0.7980122009633224,5.933474834377433,5.905091190662821
5.92,5.929999999999918,1.0272741507189846,5.962786864752987,5.916844103826307
5.93,5.939999999999918,0.9312475257838672,5.9083609010218,5.925655418434027
5.94,5.949999999999918,0.9006979345100097,5.774935343568857,5.929812867250577
5.95,5.959999999999917,0.9837586174134075,6.045869380891093,5.94289043318874
5.96,5.969999999999917,0.9065892275508423,5.648552064965293,5.942694230003831
5.97,5.979999999999917,0.757992339030038,5.807101672433694,5.945823438910134
5.98,5.989999999999917,1.0356236950647142,6.142591530465841,5.961770783939019
5.99,5.9999999999999165,0.9207055149106664,6.046835967455867,5.973242391542017
6.0,6.009999999999916,0.8684083242277577,5.857108031583677,5.978073400094239
6.01,6.019999999999916,0.8510433113155592,5.95897264482309,5.985667559020089
6.0200000000000005,6.029999999999916,1.0710011298138529,6.004099470186077,5.996534148517584
6.03,6.039999999999916,1.064363752357654,6.260950610166431,6.014865678859292
6.04,6.0499999999999154,1.0011902388356149,5.981886939297354,6.023561371225943
6.05,6.059999999999915,1.083689891812026,6.125786630224149,6.0371809734128785
6.0600000000000005,6.069999999999915,0.7858104777256307,6.22136937815874,6.050448523630201
6.07,6.079999999999915,0.8511172902728971,5.973344046907154,6.056407024449293
6.08,6.089999999999915,1.046950654926436,6.192294073013586,6.070755441980151
6.09,6.099999999999914,0.7977897247447329,5.964132877995516,6.075305734830955
6.1000000000000005,6.109999999999914,0.9404005566137909,6.117680111383688,6.085763070161324
6.11,6.119999999999914,0.8912048138754896,6.112891790308228,6.095286934249166
6.12,6.129999999999914,0.9661636090086115,6.144734193154208,6.106225860038756
6.13,6.1399999999999135,0.8714205951646223,5.959977130521314,6.110270197026068
6.140000000000001,6.149999999999913,1.005711466032974,6.185326769505646,6.122341319937109
6.15,6.159999999999913,0.8844003113336758,6.066775178606976,6.129259112820165
6.16,6.169999999999913,0.848572668336494,6.2698545398847045,6.1418125230318825
6.17,6.179999999999913,0.9123436145232521,6.115464708459774,6.149915667321012
6.18,6.1899999999999125,1.1189183951972852,6.114568301602133,6.1597352438448025
6.19,6.199999999999912,1.0611764932217875,6.018992732451608,6.1657560008904015
6.2,6.209999999999912,1.073166998762804,6.240018405321994,6.1784262754435115
6.21,6.219999999999912,1.0717844422567562,6.212562743722843,6.18987450313114
6.22,6.229999999999912,0.8296536618842131,6.333316913071341,6.202327250497912
6.23,6.239999999999911,1.1303773767755059,6.069279516934074,6.2092756251547625
6.24,6.249999999999911,0.8799892060029479,6.135024788446771,6.215552284268898
6.25,6.259999999999911,0.8908372712854199,6.161578007026187,6.222529478534502
6.26,6.269999999999911,1.082445363209843,6.243493862553076,6.233638208247088
6.2700000000000005,6.2799999999999105,0.9259565882067103,6.376834340315306,6.2469731957082795
6.28,6.28999999999991,0.9681562380976227,6.353092390303048,6.259623175150646
6.29,6.29999999999991,1.0554273513274648,6.235507124849784,6.269163170145747
6.3,6.30999999999991,0.7702057038037005,6.36377390173062,6.279560688801216
6.3100000000000005,6.31999999999991,1.1355800544529009,6.300583661490767,6.291274643418283
6.32,6.3299999999999095,0.9681527896065075,6.314009429635492,6.301420835266849
6.33,6.339999999999909,1.2625484328304786,6.353880144861376,6.315334366720666
6.34,6.349999999999909,1.0642708148482074,6.32652068851501,6.326074874602361
6.3500000000000005,6.359999999999909,0.9213401711677488,6.223209631623185,6.331940064832628
6.36,6.369999999999909,0.9500312972817998,6.303358216141032,6.340322545418619
6.37,6.379999999999908,1.0817054348887172,6.3282646079389515,6.350475585560058
6.38,6.389999999999908,1.0674914746191055,6.210543585002294,6.3565710771093595
6.390000000000001,6.399999999999908,0.8807337604850409,6.427208025293183,6.367253911450127
6.4,6.409999999999908,0.8858827582935003,6.619998687322096,6.383577679305022
6.41,6.419999999999908,0.8243657114690499,6.5886571278494435,6.39792019010153
6.42,6.429999999999907,1.038164767997133,6.389228120399504,6.407853421432248
6.43,6.439999999999907,0.9317531932939076,6.553493499742742,6.421471737993643
6.44,6.449999999999907,1.1411667760884203,6.472836100623197,6.43427645610271
6.45,6.459999999999907,0.8784750427850159,6.364617635089573,6.440843432497629
6.46,6.4699999999999065,1.0896982829664759,6.411781431196048,6.450676505488286
6.47,6.479999999999906,1.0578226995093076,6.652385451173167,6.467249870616649
6.48,6.489999999999906,1.0521305881039158,6.350390915718931,6.474077778563151
6.49,6.499999999999906,1.0200696656323407,6.568978923837902,6.487036065338272
6.5,6.509999999999906,1.0596110694710736,6.440782372424236,6.496083955972178
6.51,6.519999999999905,0.8420191506251449,6.398132162503186,6.501423370453288
6.5200000000000005,6.529999999999905,0.9838192059906378,6.5755310748227425,6.513370117392347
6.53,6.539999999999905,1.0823251733162376,6.58630179068225,6.52625515031505
6.54,6.549999999999905,0.9325463477390311,6.524455675314699,6.535420209025807
6.55,6.559999999999905,1.0441603431757709,6.7463283978861694,6.552172523397031
6.5600000000000005,6.569999999999904,1.0424901182231396,6.62979933484671,6.564890795042076
6.57,6.579999999999904,0.8492990399643492,6.751566851752794,6.579093298945079
6.58,6.589999999999904,0.8724132921790245,6.7091127576028,6.591839926497575
6.59,6.599999999999904,0.8395859799155765,6.663317878521707,6.602513516186029
6.6000000000000005,6.6099999999999035,1.1133388752411997,6.69770309796858,6.616585356914234
6.61,6.619999999999903,0.8502069351751336,6.503131867790117,6.621747341396013
6.62,6.629999999999903,0.8824758854621005,6.544190165563899,6.628283608336861
6.63,6.639999999999903,1.0308148720904877,6.578812539068138,6.637091104101124
6.640000000000001,6.649999999999903,1.1954017252297602,6.57901887072811,6.647212772334439
6.65,6.659999999999902,1.0680503688456164,6.668660417952265,6.658511907180131
6.66,6.669999999999902,0.8958889521083473,6.742840797067427,6.670069382850608
6.67,6.679999999999902,1.0094860566351105,6.7725211598444,6.683305272989955
6.68,6.689999999999902,0.9824800541632218,6.719939353522127,6.694293175975235
6.69,6.699999999999902,0.9653633067198035,6.815378055596422,6.707707260231086
6.7,6.709999999999901,1.0935786185880925,6.804412469031307,6.721651790061766
6.71,6.719999999999901,0.8838907844829923,6.664975957811473,6.728896036197043
6.72,6.729999999999901,1.0326495007290706,6.578778174373835,6.734703198331364
6.73,6.739999999999901,1.0650385500051769,6.790631262228449,6.747080631331041
6.74,6.7499999999999005,1.0381874527045842,6.622839956872931,6.75369831143219
6.75,6.7599999999999,1.0009951828042225,6.789982020926324,6.7648266227149465
6.76,6.7699999999999,0.8843206562594579,6.742557330349791,6.773040047862964
6.7700000000000005,6.7799999999999,1.0234700026675458,6.832985018661563,6.785108587024914
6.78,6.7899999999999,0.8755876038197544,6.737226444390286,6.792459036950127
6.79,6.7999999999998995,1.0206502103958341,6.874592960924951,6.805176914694693
6.8,6.809999999999899,0.8191505735814668,6.970587732723489,6.818511271784461
6.8100000000000005,6.819999999999899,1.1590368055673859,6.701265281220324,6.826538768257926
6.82,6.829999999999899,1.0756207611990365,6.7906872736615,6.836209230537535
6.83,6.839999999999899,0.9102583075903994,6.771043789810578,6.843365511450586
6.84,6.849999999999898,1.099597411580323,6.859719029617019,6.854829143887719
6.8500000000000005,6.859999999999898,1.1011771305062408,7.017039939950148,6.870772727385936
6.86,6.869999999999898,1.020866611997403,7.086092310926706,6.887608406619002
6.87,6.879999999999898,1.0090564545583915,6.926255676240798,6.898985366489136
6.88,6.8899999999998975,0.9920050702004445,6.8463246488588645,6.907411570180042
6.890000000000001,6.899999999999897,0.9640979197357028,6.979991446653303,6.919380483115143
6.9,6.909999999999897,1.087490086192742,6.9056162053273304,6.929922370744003
6.91,6.919999999999897,0.968944477050986,6.821863789820574,6.936422179066058
6.92,6.929999999999897,0.8981885231517647,7.038237179306054,6.948622372515375
6.93,6.9399999999998965,0.8876641321615764,7.040545865683948,6.960445772065414
6.94,6.949999999999896,0.7721313016447591,6.827659426479422,6.964298195357883
6.95,6.959999999999896,0.8035116232577192,6.931824585493832,6.971481765596399
6.96,6.969999999999896,0.9000550299136287,7.196740884175831,6.9874752941735885
6.97,6.979999999999896,1.083572852303624,6.911423664711816,6.9960931359840846
6.98,6.989999999999895,0.9598841516563597,6.914732124451643,7.003323113720641
6.99,6.999999999999895,0.8893645945403577,6.729968014621247,7.003967027460831
7.0,7.009999999999895,1.019101014772908,7.016722093315248,7.014538036694405
7.01,7.019999999999895,1.0158967110185568,7.083444932843595,7.026796864001393
7.0200000000000005,7.0299999999998946,1.0639565505314683,7.085001961763682,7.03921175489344
7.03,7.039999999999894,1.176623415145413,7.004398881588353,7.049886821443548
7.04,7.049999999999894,1.0090694529368414,6.947102066382115,7.056843571139162
7.05,7.059999999999894,0.7745230205296176,6.9826064953808995,7.062365993490067
7.0600000000000005,7.069999999999894,1.0199810382714753,7.095891381629989,7.073540498840749
7.07,7.0799999999998935,0.8461218374841176,7.285484555571032,7.088496037698385
7.08,7.089999999999893,0.8778029662437585,6.740749653961802,7.086693951462478
7.09,7.099999999999893,1.1006847183165642,7.13805899432146,7.0991572592612275
7.1000000000000005,7.109999999999893,0.9022485735282332,7.1741987339308695,7.110433517273706
7.11,7.119999999999893,1.057149258915999,7.138648738761798,7.1217983917219
7.12,7.129999999999892,0.9939046556048458,7.000041140114699,7.127966382434916
7.13,7.139999999999892,0.8775325619769926,7.169639530807625,7.137967269460217
7.140000000000001,7.149999999999892,1.0812993654094425,7.0945497380801825,7.147349628740355
7.15,7.159999999999892,0.908248625971001,7.166368641181781,7.156948501163882
7.16,7.169999999999892,1.0824462502489136,7.22395170190974,7.169707257113781
7.17,7.179999999999891,0.9465878821817628,7.254163568312036,7.181699941132457
7.18,7.189999999999891,0.9175297960803694,7.085530662208998,7.1879065004974745
7.19,7.199999999999891,1.0039338728233846,7.434439806467276,7.205405208792884
7.2,7.209999999999891,1.0339985270593488,7.305293983729852,7.218779470381089
7.21,7.2199999999998905,1.186372346279482,7.204705637241376,7.230170617800298
7.22,7.22999999999989,0.9071800453402462,7.173171886977474,7.237533877057794
7.23,7.23999999999989,1.0695072023242593,7.306974338487696,7.250319634913871
7.24,7.24999999999989,0.9206777800444418,7.279426809866347,7.260446112745151
7.25,7.25999999999989,0.9323526247431543,7.308263972995946,7.27126420813708
7.26,7.269999999999889,0.998071423086488,7.243915240157503,7.280430857868284
7.2700000000000005,7.279999999999889,0.9409780702837629,7.266058713393474,7.289429755272525
7.28,7.289999999999889,1.0762717532681776,7.304072261012216,7.300620738951798
7.29,7.299999999999889,0.9685345375856255,7.230037536125478,7.3081605540486185
7.3,7.309999999999889,0.9580862532130494,7.311702178081322,7.317842919408094
7.3100000000000005,7.319999999999888,1.0961821784459347,7.210220711960747,7.325460552478525
7.32,7.329999999999888,0.9385829892504495,7.488760928188479,7.33980454959389
7.33,7.339999999999888,1.1707501711455088,7.418165209915612,7.3538464684959015
7.34,7.349999999999888,0.78933627799534,7.468580029520422,7.365323965160044
7.3500000000000005,7.3599999999998875,1.0661821956087332,7.475553184562784,7.3793795281599355
7.36,7.369999999999887,0.8382580532967465,7.405691423241467,7.388687734262743
7.37,7.379999999999887,0.8630867215253408,7.432269285196988,7.398770361316435
7.38,7.389999999999887,0.9831057994048135,7.191661638383478,7.4023559645294235
7.390000000000001,7.399999999999887,0.9899687085034122,7.415385251248937,7.412678541859169
7.4,7.4099999999998865,0.9668981452037343,7.570226807471812,7.427200479618985
7.41,7.419999999999886,0.9676546172956398,7.256601494370741,7.43173324157576
7.42,7.429999999999886,1.0347430682038896,7.421565204628541,7.441770889212328
7.43,7.439999999999886,1.1142287978915428,7.4055145506495705,7.451774500135981
7.44,7.449999999999886,0.9522552040470672,7.3374406118934,7.457804424704149
7.45,7.459999999999885,0.8971051194009584,7.375421194188686,7.464239912685527
7.46,7.469999999999885,0.7442340636733729,7.532739394069253,7.473782702532604
7.47,7.479999999999885,1.0199485894447249,7.448084621614803,7.483134258253938
7.48,7.489999999999885,0.9625443252602011,7.488922457521954,7.492881878517671
7.49,7.4999999999998845,0.8615784078909685,7.221716026388746,7.4931749315183716
7.5,7.509999999999884,1.0284194592877365,7.563996805910204,7.505465371694097
7.51,7.519999999999884,1.072536945657538,7.460398510591364,7.514655609403394
7.5200000000000005,7.529999999999884,0.8910936277852174,7.543554598744679,7.524333336291176
7.53,7.539999999999884,0.7438157771649966,7.614049611230704,7.53445029485511
7.54,7.5499999999998835,1.0143226823642544,7.545855705007293,7.544818083800554
7.55,7.559999999999883,1.200341841122205,7.613608943987498,7.558745415418377
7.5600000000000005,7.569999999999883,1.157666894526179,7.610845856344965,7.571765424293312
7.57,7.579999999999883,1.0145381841244052,7.406247677000247,7.576751169436815
7.58,7.589999999999883,0.9596150992998009,7.921041747432013,7.596751125746982
7.59,7.599999999999882,0.9307057194858538,7.572811729500185,7.60530426331767
7.6000000000000005,7.609999999999882,1.0028119539358373,7.610213775087673,7.6154290359545636
7.61,7.619999999999882,1.1682929813996021,7.606315685739159,7.62672727098745
7.62,7.629999999999882,1.1163892089174632,7.521144292889357,7.634564102619051
7.63,7.6399999999998816,0.9071025954693426,7.494493120227056,7.639281489591177
7.640000000000001,7.649999999999881,0.9009171319179706,7.541268608695696,7.645180778382416
7.65,7.659999999999881,0.9501110039458787,7.7600292519297644,7.658037985062345
7.66,7.669999999999881,0.9243847476941754,7.661835424231282,7.667279484519726
7.67,7.679999999999881,1.082687732388103,7.588025428666609,7.675512570766088
7.68,7.6899999999998805,1.0426782609368634,7.644676564668699,7.684812118753547
7.69,7.69999999999988,0.9853791918973817,7.723317502562519,7.6956655032892165
7.7,7.70999999999988,1.094696500484831,7.775569818796665,7.7088539940452625
7.71,7.71999999999988,1.0020606612376308,7.726578618044322,7.719262596042152
7.72,7.72999999999988,1.0826365037206647,7.717034940053446,7.7298440551283605
7.73,7.739999999999879,0.9495611774202009,7.714734192351822,7.738737307668525
7.74,7.749999999999879,1.0235245864693208,7.783182043412953,7.750162411243794
7.75,7.759999999999879,1.0241101075712866,7.665433636015534,7.757650866588098
7.76,7.769999999999879,1.0905037606742911,7.96416335203855,7.77466597764636
7.7700000000000005,7.779999999999879,0.8977479596339187,7.800270507152321,7.784335875603135
7.78,7.789999999999878,0.9823166858094495,7.785754743856337,7.794090483073242
7.79,7.799999999999878,1.0514621626164806,7.919660174356087,7.808311706821283
7.8,7.809999999999878,0.8656229053532678,7.857238628440177,7.818420865086876
7.8100000000000005,7.819999999999878,0.9974345834360431,7.73289794550712,7.825705836368624
7.82,7.8299999999998775,1.0320112663698173,7.791947462437338,7.834881051618144
7.83,7.839999999999877,1.2466567234500219,7.831421516876253,7.847050794188494
7.84,7.849999999999877,1.044709937044373,7.809967327449311,7.856229131635583
7.8500000000000005,7.859999999999877,0.9276078258240552,8.040992184476528,7.87104620071291
7.86,7.869999999999877,1.0314499282129947,7.909566377565526,7.882447915219254
7.87,7.879999999999876,1.118842283891715,7.619015184021075,7.885465740440821
7.88,7.889999999999876,0.9058897133330909,7.933107361825397,7.8958548655064575
7.890000000000001,7.899999999999876,1.0549047071165059,7.785131408520573,7.9028542983971715
7.9,7.909999999999876,0.8055164174003715,8.154126666734545,7.918476285534337
7.91,7.919999999999876,0.8422882361660551,7.845569406793681,7.924608486321334
7.92,7.929999999999875,1.1744001031879834,7.894115766056021,7.9352334122150605
7.930000000000001,7.939999999999875,1.0094670464057403,7.888489960365258,7.943749414411992
7.94,7.949999999999875,0.8418312891218276,8.010546704355228,7.954097403987849
7.95,7.959999999999875,1.0447218350585945,7.929705650969519,7.963639480766275
7.96,7.9699999999998745,0.909498288731386,7.8184768913922005,7.9681646440704315
7.97,7.979999999999874,1.0625480407514691,8.042268504010456,7.980836243408921
7.98,7.989999999999874,1.0487328756535377,7.885889735497705,7.988220240894582
7.99,7.999999999999874,0.9698245124523875,7.907382226961784,7.995239147769667
8.0,8.009999999999874,0.9661091803240216,7.986423948650934,8.00439852366242
8.01,8.019999999999873,0.9448299032367188,7.877228270141492,8.009724452669042
8.02,8.029999999999873,1.1084154334453604,8.031921100838835,8.021165434611406
8.03,8.039999999999873,0.8321458254464894,8.00320552200717,8.028702847243245
8.040000000000001,8.049999999999873,0.9150193880223954,7.957369856258306,8.035402525167408
8.05,8.059999999999873,1.0421671542782442,8.055574764930714,8.046110465020853
8.06,8.069999999999872,1.0371509636982859,8.214934121065104,8.06132133777367
8.07,8.079999999999872,1.0228964456264895,8.051797922442196,8.070984578562289
8.08,8.089999999999872,0.8812561932737661,8.279135097432352,8.085929430205727
8.09,8.099999999999872,1.0993396670002733,7.976555124369168,8.093332536845043
8.1,8.109999999999872,1.1875344736880749,8.117320030919135,8.105635009032362
8.11,8.119999999999871,0.857491810966049,8.189388033417012,8.116570460044931
8.120000000000001,8.129999999999871,0.9264939458406367,8.121116961059629,8.125773834627982
8.13,8.139999999999871,0.9760826816072443,8.111798785863865,8.134889728439772
8.14,8.14999999999987,0.9743587915035244,8.066923641681457,8.142329639321177
8.15,8.15999999999987,1.0282253015751193,8.21960112466749,8.154712407067601
8.16,8.16999999999987,1.1109544337255033,8.091552422655695,8.16362026547896
8.17,8.17999999999987,0.9682603223868245,8.19571696066023,8.17403718493923
8.18,8.18999999999987,0.9093953185561858,8.052673431342603,8.179194450949288
8.19,8.19999999999987,1.096111557697823,8.20789516060297,8.190714204373423
8.2,8.20999999999987,0.9938493948469429,8.249271828651777,8.202161574339614
8.21,8.21999999999987,0.8997586080595561,8.1294101708612,8.20869354523689
8.22,8.229999999999869,1.0252280514745304,8.209525984055709,8.218668738980394
8.23,8.239999999999869,0.9619933000723654,8.266013911319074,8.229451339960372
8.24,8.249999999999869,0.9860107061367736,8.177983646106872,8.23745455587807
8.25,8.259999999999868,0.998417967048945,8.280620843265778,8.248455254815607
8.26,8.269999999999868,0.9996706993381389,8.269914087173921,8.258813881996298
8.27,8.279999999999868,1.051539337493414,8.30453075437216,8.2704210566593
8.28,8.289999999999868,0.8248435352749459,8.298753395748513,8.279309307841972
8.290000000000001,8.299999999999867,0.9835816915606658,8.225948080193577,8.287242664853121
8.3,8.309999999999867,0.9150187984456837,8.45296774809678,8.301196152426751
8.31,8.319999999999867,0.903095495918535,8.019022978889902,8.301375985243133
8.32,8.329999999999867,1.1216312550304144,8.399884685105,8.315234951863994
8.33,8.339999999999867,0.9021065388406536,8.274602327902963,8.322734587955145
8.34,8.349999999999866,1.09537632957624,8.406568583223148,8.335901374808497
8.35,8.359999999999866,1.0099579692101812,8.299644274287632,8.3445874273192
8.36,8.369999999999866,1.0310083868197837,8.450526198013453,8.357814628309413
8.370000000000001,8.379999999999866,1.157500809561506,8.49168184997176,8.37315150182406
8.38,8.389999999999866,0.8942049038615509,8.459865581358788,8.384530039335003
8.39,8.399999999999865,0.7661017273741753,8.380767782377621,8.391921696738594
8.4,8.409999999999865,0.8333027199209817,8.38671614252433,8.399917164584194
8.41,8.419999999999865,1.0153070789719316,8.566663426187763,8.414934460544474
8.42,8.429999999999865,1.0928093509783783,8.466518993875791,8.427226449492261
8.43,8.439999999999864,1.0622124517848879,8.428132911523393,8.437683357653325
8.44,8.449999999999864,1.0472049841646072,8.517997529724436,8.450421621482223
8.45,8.459999999999864,0.988985997115849,8.461682503125063,8.460503575013824
8.46,8.469999999999864,0.9517343456530543,8.627406540229913,8.474987299726928
8.47,8.479999999999864,1.1115949808884342,8.555393870783348,8.488421451034645
8.48,8.489999999999863,1.0019956949936673,8.600216445707716,8.50177445836414
8.49,8.499999999999863,0.9204735287106202,8.434991324497064,8.508903492902421
8.5,8.509999999999863,0.867957654959344,8.385149670115458,8.513757168409352
8.51,8.519999999999863,0.9443407606163989,8.600474625836116,8.525751511177017
8.52,8.529999999999863,0.849640142821564,8.619752076901188,8.537073947808887
8.53,8.539999999999862,0.9219611471859953,8.402780463934809,8.542137593488278
8.540000000000001,8.549999999999862,1.0570576445909936,8.552760741118487,8.552901808349647
8.55,8.559999999999862,1.0155091086625276,8.462863416536598,8.560183045717954
8.56,8.569999999999862,1.0169047415052712,8.667171862729932,8.573476385004803
8.57,8.579999999999862,0.8569527190115638,8.56820084099478,8.581813121680355
8.58,8.589999999999861,1.088331686330388,8.657391662321993,8.594862679349351
8.59,8.599999999999861,0.9175333387590872,8.492639124046132,8.600835384587517
8.6,8.60999999999986,0.8374914218040476,8.73767368247959,8.61331357515228
8.61,8.61999999999986,1.1339428394749045,8.604763450004288,8.62425551971984
8.620000000000001,8.62999999999986,1.0684367817645126,8.65514118657659,8.635763082493023
8.63,8.63999999999986,0.9145114534885846,8.405015868843249,8.63777877067192
8.64,8.64999999999986,1.1359808833855545,8.44461814385772,8.643019033265565
8.65,8.65999999999986,1.1738395117290708,8.648005597918749,8.654627669059717
8.66,8.66999999999986,1.0879483983508609,8.486490926171923,8.66010418065993
8.67,8.67999999999986,0.8693673703331195,8.703790340230794,8.669889320739317
8.68,8.68999999999986,1.0584524559516857,8.790560802593108,8.683873696942229
8.69,8.699999999999859,1.155290119215051,8.862741272574059,8.700610788903282
8.700000000000001,8.709999999999859,1.0164574069342347,8.633212876573134,8.708516990241638
8.71,8.719999999999859,1.2077676505511903,8.689555081416247,8.719736411090004
8.72,8.729999999999858,0.737300435720437,8.696127145128306,8.72624351656511
8.73,8.739999999999858,0.9605816145166279,8.70809024276198,8.73507268374867
8.74,8.749999999999858,0.974376909536771,8.867974039341238,8.748649331137328
8.75,8.759999999999858,1.0584681993744534,8.85017194261171,8.762118147956286
8.76,8.769999999999857,0.9830031818042985,8.833302945066219,8.77395450941843
8.77,8.779999999999857,1.010317374764937,8.783414304748199,8.7841853979897
8.78,8.789999999999857,1.0503475169186294,8.827282214828307,8.795833364665905
8.790000000000001,8.799999999999857,1.222267978046295,8.648980098005396,8.803345402353035
8.8,8.809999999999857,0.9354504155090257,8.827182456016157,8.813251952130065
8.81,8.819999999999856,0.9980739941147656,8.718688858460704,8.820146963885735
8.82,8.829999999999856,1.0854485243613343,8.838376835398552,8.831308769406268
8.83,8.839999999999856,0.9069232467657298,8.869444028332378,8.841351238861725
8.84,8.849999999999856,0.9640540137388852,8.666168635096223,8.8454289270368
8.85,8.859999999999856,0.8715220658489953,8.99805394844017,8.858584445024793
8.86,8.869999999999855,0.9960033788089208,8.81623286780147,8.867023983687249
8.870000000000001,8.879999999999855,0.8202416078271555,8.845779647055139,8.874389736902504
8.88,8.889999999999855,1.026935493119202,8.782707083836515,8.881594918965632
8.89,8.899999999999855,0.9622601204963964,8.800685908581947,8.88847201327265
8.9,8.909999999999854,0.8138847006717189,8.857886271914733,8.89542327402821
8.91,8.919999999999854,1.0939736089869618,8.901896870632312,8.906212017485316
8.92,8.929999999999854,1.1546551332258062,9.004162909034816,8.920386795870868
8.93,8.939999999999854,1.0042897091698793,8.914650894404064,8.929957282440197
8.94,8.949999999999854,1.0662249759966331,8.879461399807319,8.938753785074
8.950000000000001,8.959999999999853,1.1000152543838295,8.842472067487162,8.946458380601118
8.96,8.969999999999853,0.9796704304963542,8.86695541718061,8.95347739239674
8.97,8.979999999999853,1.1040119982666652,8.9437669426491,8.963810428059187
8.98,8.989999999999853,1.0488165273955152,9.086931278725912,8.977666688207892
8.99,8.999999999999853,1.0252442013305438,9.130510808806344,8.9922379658187
9.0,9.009999999999852,1.0675519942188896,8.978120836831337,9.002153547785397
9.01,9.019999999999852,1.0212407191397026,9.150342315424862,9.016579134466465
9.02,9.029999999999852,1.1190043756988164,9.11279610098658,9.030403795163005
9.03,9.039999999999852,1.0162670706021264,9.008363109940317,9.03963958406495
9.040000000000001,9.049999999999851,0.7977991685822325,8.867055108363477,9.042141287081803
9.05,9.059999999999851,0.9148779870138587,9.221210536291519,9.056483759367493
9.06,9.069999999999851,0.8895548913372573,9.202420423973088,9.069618207070604
9.07,9.07999999999985,0.9445473417592887,9.198360559801532,9.082800968228456
9.08,9.08999999999985,0.9183671812442497,9.039877748157418,9.090513090664233
9.09,9.09999999999985,0.9679664534602458,9.163496904376146,9.102236924959731
9.1,9.10999999999985,0.9296526139269813,9.128900980413176,9.112191070847384
9.11,9.11999999999985,0.9115007095276279,9.242597841456138,9.125148897905342
9.120000000000001,9.12999999999985,0.9390191540930681,9.174547425731616,9.135931270214307
9.13,9.13999999999985,0.9656127063849467,9.313692937036866,9.15091127213187
9.14,9.14999999999985,1.0123117972923188,9.05861473256857,9.158131095024471
9.15,9.15999999999985,0.8828256472107826,9.103681581842569,9.165222781921107
9.16,9.169999999999849,1.1083813050512958,9.195894975742021,9.17708650162998
9.17,9.179999999999849,1.1079389698968956,9.038455529153595,9.183771249377143
9.18,9.189999999999849,0.9582278182934748,9.249272336709618,9.195205727669215
9.19,9.199999999999848,0.8369227640515741,9.26325336004266,9.205559029752303
9.200000000000001,9.209999999999848,0.9619026402660313,9.232040358316503,9.215869955719342
9.21,9.219999999999848,1.1024820030433198,9.148091141319105,9.224664409681944
9.22,9.229999999999848,0.5987325762809079,9.143787600424956,9.228150883333468
9.23,9.239999999999847,0.9033234078932264,9.1530208422507,9.23473964275068
9.24,9.249999999999847,0.9891180982306775,9.295272277450184,9.246285821480013
9.25,9.259999999999847,1.0156467345302866,9.31068356000439,9.258222690108505
9.26,9.269999999999847,1.1011101774838838,9.3530279096421,9.271934820178078
9.27,9.279999999999847,1.060905506226005,9.185368887149489,9.279732643695667
9.28,9.289999999999846,1.0130450914615776,9.206070297038355,9.287431966930528
9.290000000000001,9.299999999999846,0.9371975578589553,9.173875518681786,9.293149964184343
9.3,9.309999999999846,0.9897201031586099,9.135224346850276,9.297982318372984
9.31,9.319999999999846,1.0261113885619095,9.25652769299972,9.30668069314761
9.32,9.329999999999846,1.2393632244732835,9.170928842428124,9.3145452988435
9.33,9.339999999999845,1.002587175675244,9.27267067811841,9.322942447678134
9.34,9.349999999999845,1.0489697184074283,9.327376270592719,9.333190577977811
9.35,9.359999999999845,0.8898562782243424,9.396024706802768,9.343681453153494
9.36,9.369999999999845,1.0605534702222192,9.430837914386531,9.35658760917477
9.370000000000001,9.379999999999844,0.8494733148270848,9.367285744014254,9.365131107469944
9.38,9.389999999999844,1.0064693361787775,9.315242060794308,9.37334327854238
9.39,9.399999999999844,0.9852490673586065,9.547453552486662,9.388185848347158
9.4,9.409999999999844,0.8835790959631367,9.306366147455522,9.394261166622371
9.41,9.419999999999844,1.042758361043862,9.350971195888821,9.403031182282247
9.42,9.429999999999843,1.039865839699322,9.376617134168255,9.41227333842388
9.43,9.439999999999843,0.9256018766194549,9.333027388560044,9.418780103670189
9.44,9.449999999999843,1.2522437040508902,9.525223266603286,9.434108574884618
9.450000000000001,9.459999999999843,1.1154046417392591,9.353453054957985,9.442413827428318
9.46,9.469999999999843,1.050252239562215,9.311746411492216,9.448529470355949
9.47,9.479999999999842,1.188208401900456,9.42165306310322,9.4591157947119
9.48,9.489999999999842,0.952128755630753,9.444773676983958,9.467785436097426
9.49,9.499999999999842,1.0142116785024031,9.448390973072367,9.476895147399887
9.5,9.509999999999842,0.8819798077606205,9.487822719763043,9.485641956815478
9.51,9.519999999999841,1.040174266916823,9.585488827674638,9.498643842230216
9.52,9.529999999999841,1.0324199466778348,9.383191167261177,9.505009604517586
9.53,9.539999999999841,0.9842189970047925,9.57206288466521,9.516454712674351
9.540000000000001,9.54999999999984,0.9710912123360911,9.385637964115691,9.52173521078438
9.55,9.55999999999984,0.9250533098975138,9.241137283720287,9.521943859969745
9.56,9.56999999999984,1.0987348614965984,9.552201144805665,9.533260668002415
9.57,9.57999999999984,0.9300667063294662,9.49872133721845,9.540965578677124
9.58,9.58999999999984,0.847090594228318,9.603243325799415,9.550815489733692
9.59,9.59999999999984,0.9558179053936551,9.65423697570524,9.562994692883018
9.6,9.60999999999984,1.1345325190033786,9.378700047515302,9.568130884392298
9.61,9.61999999999984,1.269609188050752,9.565548438322459,9.580077776944934
9.620000000000001,9.62999999999984,0.873413251427308,9.440990264144771,9.584002474459945
9.63,9.639999999999839,1.2151617247642164,9.550976583866243,9.594440957192896
9.64,9.649999999999839,1.1103048498363337,9.577922813757638,9.604354547529685
9.65,9.659999999999838,0.9805044393893229,9.69399171534927,9.616249888768927
9.66,9.669999999999838,0.8077544172513333,9.669897879850646,9.625393555258633
9.67,9.679999999999838,0.8664193823825719,9.66009320786093,9.634539973067072
9.68,9.689999999999838,0.8524611258888707,9.744651687640085,9.645866583605832
9.69,9.699999999999838,0.9658048892468871,9.51245762992744,9.650871170867543
9.700000000000001,9.709999999999837,0.936130187724464,9.738261861960545,9.662301286624292
9.71,9.719999999999837,0.9824351180860832,9.8509009886082,9.67730084714099
9.72,9.729999999999837,0.9890494160767221,9.795272069552633,9.690257403094574
9.73,9.739999999999837,0.821468984907824,9.890761341577031,9.704147563911414
9.74,9.749999999999837,1.1495094308023643,9.682849331999424,9.714488886938785
9.75,9.759999999999836,1.0063816521020092,9.78102676442613,9.726120591020535
9.76,9.769999999999836,0.7324838757339107,9.89593264227277,9.738274329218358
9.77,9.779999999999836,0.7751561787069525,9.815315410805573,9.748052103628373
9.78,9.789999999999836,1.0601760143336993,9.83041966491026,9.760776791168304
9.790000000000001,9.799999999999836,1.0453113645414016,9.776552745399954,9.771341414781903
9.8,9.809999999999835,1.249760145817969,9.683988898627128,9.78073394127151
9.81,9.819999999999835,0.984893200503872,9.729230724893936,9.788625683278674
9.82,9.829999999999835,1.0934976219196202,9.831344712639273,9.800434869231465
9.83,9.839999999999835,0.7922405337420741,9.811524771440741,9.808365464657552
9.84,9.849999999999834,1.0066935100528847,9.786926301810189,9.817380589533267
9.85,9.859999999999834,1.0884651716608276,10.062429173212998,9.835333237158554
9.86,9.869999999999834,0.831050265356688,9.951694920129565,9.84692349425339
9.870000000000001,9.879999999999834,0.8834378366972284,9.877778052969235,9.856437768808494
9.88,9.889999999999834,1.1176960367424054,9.872712290560457,9.867783451245227
9.89,9.899999999999833,1.1478317733334653,10.157784340841333,9.887798609925406
9.9,9.909999999999833,1.2704521086286213,9.840047875613797,9.898751585089833
9.91,9.919999999999833,1.0848925525887188,9.872649326439815,9.908549892753097
9.92,9.929999999999833,1.1387976940425222,9.788034135289806,9.915970602843311
9.93,9.939999999999833,0.8768230845836307,9.888408810236381,9.92365621185091
9.94,9.949999999999832,0.8634645020556794,9.971660048035051,9.933513595452643
9.950000000000001,9.959999999999832,1.0070575759752654,10.055767146390767,9.94704682969409
9.96,9.969999999999832,1.113810772575187,10.042326160207924,9.960823391238716
9.97,9.979999999999832,0.9873680956051298,9.869493422130118,9.96768949879601
9.98,9.989999999999831,0.975722851349078,10.041080827940057,9.979452482274008
9.99,9.999999999999831,0.8812172856540192,10.098044747575575,9.991701628248363
